{"cameraMode":{"drawMode":0,"name":"Shaded","section":"Shading Mode"},"sceneLighting":true,"audioPlay":false,"sceneViewState":{"showFog":true,"showMaterialUpdate":false,"showSkybox":true,"showFlares":true,"showImageEffects":true,"showParticleSystems":true},"in2DMode":false,"pivot":{"x":259.032470703125,"y":-0.5200601816177368,"z":179.40225219726563},"rotation":{"x":0.16027776896953584,"y":0.8062371611595154,"z":-0.2533906102180481,"w":0.5099862217903137},"size":10.156426429748536,"orthographic":false}